{
    "page": 1,
    "perPage": 10,
    "totalPages": 1,
    "totalElements": 9,
    "pedidos" : [
        {
            "numeroPedido": "5103573001",
            "tipoDocumento": "EMITIR DOCUMENTO EMAIL 001",
            "numeroDocumento": 100,
            "versaoDocumento": "IMP-001",
            "origem": "Nova Plataforma 001",
            "dataPedido": "05/01/2020",
            "status": "EXRET 001"
        },
        {
            "numeroPedido": "5103573002",
            "tipoDocumento": "EMITIR DOCUMENTO EMAIL 002",
            "numeroDocumento": 100,
            "versaoDocumento": "IMP-002",
            "origem": "Nova Plataforma 002",
            "dataPedido": "05/02/2020",
            "status": "EXRET 002"
        },
        {
            "numeroPedido": "5103573003",
            "tipoDocumento": "EMITIR DOCUMENTO EMAIL 003",
            "numeroDocumento": 100,
            "versaoDocumento": "IMP-003",
            "origem": "Nova Plataforma 003",
            "dataPedido": "05/03/2020",
            "status": "EXRET 003"
        },
        {
            "numeroPedido": "5103573004",
            "tipoDocumento": "EMITIR DOCUMENTO EMAIL 004",
            "numeroDocumento": 100,
            "versaoDocumento": "IMP-004",
            "origem": "Nova Plataforma 004",
            "dataPedido": "05/04/2020",
            "status": "EXRET 004"
        },
        {
            "numeroPedido": "5103573005",
            "tipoDocumento": "EMITIR DOCUMENTO EMAIL 005",
            "numeroDocumento": 100,
            "versaoDocumento": "IMP-005",
            "origem": "Nova Plataforma 005",
            "dataPedido": "05/05/2020",
            "status": "EXRET 005"
        },
        {
            "numeroPedido": "5103573006",
            "tipoDocumento": "EMITIR DOCUMENTO EMAIL 006",
            "numeroDocumento": 100,
            "versaoDocumento": "IMP-006",
            "origem": "Nova Plataforma 006",
            "dataPedido": "06/06/2020",
            "status": "EXRET 006"
        },
        {
            "numeroPedido": "5103573007",
            "tipoDocumento": "EMITIR DOCUMENTO EMAIL 007",
            "numeroDocumento": 100,
            "versaoDocumento": "IMP-007",
            "origem": "Nova Plataforma 007",
            "dataPedido": "07/07/2020",
            "status": "EXRET 007"
        },
        {
            "numeroPedido": "5103573008",
            "tipoDocumento": "EMITIR DOCUMENTO EMAIL 008",
            "numeroDocumento": 100,
            "versaoDocumento": "IMP-008",
            "origem": "Nova Plataforma 008",
            "dataPedido": "08/08/2020",
            "status": "EXRET 008"
        },
        {
            "numeroPedido": "5103573009",
            "tipoDocumento": "EMITIR DOCUMENTO EMAIL 009",
            "numeroDocumento": 100,
            "versaoDocumento": "IMP-009",
            "origem": "Nova Plataforma 009",
            "dataPedido": "09/09/2020",
            "status": "EXRET 009"
        }
    ]
}