{
    "numeroPedido": 5103573,
    "tipoDocumento": "EMITIR DOCUMENTO EMAIL",
    "numeroDocumento": 100,
    "versaoDocumento": "IMP-002",
    "origem": "Nova Plataforma",
    "dataInicioPedido": "02/02/2020",
    "dataFimPedido": "02/02/2030",
    "status": "EXRET",
    "susep": "05032020",
    "nomeFormularioImpressao": "IMP-002",
    "caminhoFisicoDestinoPedido": "\\\\Img01\\re\\THPP\\Sinistro\\20200217\\",
    "nomeArquivoPDF": "IMP-002.jasper",
    "tipoEmail": {
        "codigo": 1,
        "descricao": "teste"
    },
    "nomeJasper": "IMP-002.jasper",
    "caminhoFisicoJasper": "RE/Sinistro/v22/Impressao/Porto/AvisoSinistro/IMP-002/",
    "descricaoStatusPedidoImpressao": "EMAIL ENVIADO COM SUCESSO",
    "nomeAbreviadoStatusPedido": "EMAIL",
    "usuarioSolicitante": "999999",
    "listaPedidoDocumentoAnexo": [
        {
            "numeroECM": 118543,
            "nomeArquivoPDF": "IMP002_20200248033516"
        }
    ],
    "listaPedidoDocumentoEmail": [
        {
            "codigoParametroEmail": 189625,
            "numeroPedidoImpressao": 189625,
            "enderecoEmail": "sinistro.re@portoseguro.com.br",
            "tipoEnderecoEmail": "REMETENTE"
        },
        {
            "codigoParametroEmail": 189626,
            "numeroPedidoImpressao": 226974,
            "enderecoEmail": "wagner.queiroz@portoseguro.com.br",
            "tipoEnderecoEmail": "DESTINATARIO"
        }
    ]
}