[
    {
        "codigoValorDominio": 1,
        "nomeDominio": "NÃO PROCESSADO",
        "abreviacaoDominio": "NÃO P",
        "flagAtivo": "S"
    },
    {
        "codigoValorDominio": 2,
        "nomeDominio": "PROCESSANDO",
        "abreviacaoDominio": "PROCE",
        "flagAtivo": "S"
    },
    {
        "codigoValorDominio": 3,
        "nomeDominio": "GERADO COM SUCESSO",
        "abreviacaoDominio": "GERAD",
        "flagAtivo": "S"
    },
    {
        "codigoValorDominio": 4,
        "nomeDominio": "ARMAZENADO COM SUCESSO",
        "abreviacaoDominio": "ARMAZ",
        "flagAtivo": "S"
    },
    {
        "codigoValorDominio": 5,
        "nomeDominio": "EMAIL ENVIADO COM SUCESSO",
        "abreviacaoDominio": "EMAIL",
        "flagAtivo": "S"
    },
    {
        "codigoValorDominio": 6,
        "nomeDominio": "FINALIZADO COM SUCESSO",
        "abreviacaoDominio": "FINAL",
        "flagAtivo": "S"
    },
    {
        "codigoValorDominio": 7,
        "nomeDominio": "ERRO NA GERAÇÃO",
        "abreviacaoDominio": "ERRO ",
        "flagAtivo": "S"
    },
    {
        "codigoValorDominio": 8,
        "nomeDominio": "ERRO NO ARMAZENAMENTO",
        "abreviacaoDominio": "ERRO ",
        "flagAtivo": "S"
    },
    {
        "codigoValorDominio": 9,
        "nomeDominio": "ERRO ENVIO DE EMAIL",
        "abreviacaoDominio": "ERRO ",
        "flagAtivo": "S"
    },
    {
        "codigoValorDominio": 10,
        "nomeDominio": "ERRO NO DOWNLOAD",
        "abreviacaoDominio": "ERRO ",
        "flagAtivo": "S"
    },
    {
        "codigoValorDominio": 11,
        "nomeDominio": "DOWNLOAD COM SUCESSO",
        "abreviacaoDominio": "DOWNL",
        "flagAtivo": "S"
    },
    {
        "codigoValorDominio": 12,
        "nomeDominio": "ERRO NO PROCESSAMENTO",
        "abreviacaoDominio": "ERRO ",
        "flagAtivo": "S"
    }
]