[
    {
        "codigoValorDominio": 1,
        "nomeDominio": "EMITIR",
        "abreviacaoDominio": "EMITI",
        "flagAtivo": "S"
    },
    {
        "codigoValorDominio": 2,
        "nomeDominio": "EMITIR DOCUMENTO",
        "abreviacaoDominio": "EMITI",
        "flagAtivo": "S"
    },
    {
        "codigoValorDominio": 3,
        "nomeDominio": "EMITIR EMAIL",
        "abreviacaoDominio": "EMITI",
        "flagAtivo": "S"
    },
    {
        "codigoValorDominio": 4,
        "nomeDominio": "EMITIR DOCUMENTO EMAIL",
        "abreviacaoDominio": "EMITI",
        "flagAtivo": "S"
    },
    {
        "codigoValorDominio": 5,
        "nomeDominio": "ENVIAR DOCUMENTO EMAIL",
        "abreviacaoDominio": "ENVIA",
        "flagAtivo": "S"
    },
    {
        "codigoValorDominio": 6,
        "nomeDominio": "ENVIAR EMAIL",
        "abreviacaoDominio": "ENVIA",
        "flagAtivo": "S"
    },
    {
        "codigoValorDominio": 7,
        "nomeDominio": "NOVO",
        "abreviacaoDominio": "NOVO",
        "flagAtivo": "S"
    }
]