[
    {
        "codigoValorDominio": 2,
        "nomeDominio": "STATUS 2",
        "abreviacaoDominio": "STATU",
        "flagAtivo": "A",
        "dataUltimaAlteracao": null,
        "codigoEmpresaUsuarioUltimaAlteracao": null,
        "codigoMatriculaUsuarioUltimaAlteracao": null,
        "codigoTipoUsuarioUltimaAlteracao": null,
        "empresas": null
    },
    {
        "codigoValorDominio": 1,
        "nomeDominio": "STATUS 1",
        "abreviacaoDominio": "STATU",
        "flagAtivo": "A",
        "dataUltimaAlteracao": null,
        "codigoEmpresaUsuarioUltimaAlteracao": null,
        "codigoMatriculaUsuarioUltimaAlteracao": null,
        "codigoTipoUsuarioUltimaAlteracao": null,
        "empresas": null
    },
    {
        "codigoValorDominio": 3,
        "nomeDominio": "STATUS 3",
        "abreviacaoDominio": "STATU",
        "flagAtivo": "A",
        "dataUltimaAlteracao": null,
        "codigoEmpresaUsuarioUltimaAlteracao": null,
        "codigoMatriculaUsuarioUltimaAlteracao": null,
        "codigoTipoUsuarioUltimaAlteracao": null,
        "empresas": null
    }
]